{
  "StoredProcedures": {
    "Caregiver.API.CheckAccess": {
      "Mappings": {
        "SPName": "[HhaSecurity].[CheckAccess]",
        "Timeout": "3600",
        "ConnectionStrings": "HHAMirror"
      }
    },
    "Caregiver.API.GetUserInfoBySessionID": {
      "Mappings": {
        "SPName": "[HhaSecurity].[GetMenusByUser]",
        "Timeout": "3600",
        "ConnectionStrings": "HHA"
      }
    },
    "Caregiver.API.GetVersionInfoByUserID": {
      "Mappings": {
        "SPName": "[ws].[GetVersionInfoByUserID]",
        "Timeout": "3600",
        "ConnectionStrings": "HHAMirror"
      }
    },
    "Caregiver.API.GetUrlFromAppServers": {
      "Mappings": {
        "SPName": "[dbo].[GetUrlFromAppServers]",
        "Timeout": "3600",
        "ConnectionStrings": "HHAMirror"
      }
    },
    "Caregiver.API.LinkCall": {
      "Mappings": {
        "SPName": "[dbo].[CAL_LinkVisit_ENT20070100]",
        "Timeout": "3600",
        "ConnectionStrings": "HHA"
      }
    },
    "Caregiver.API.LinkUnlinkCallDetail": {
      "Mappings": {
        "SPName": "[EVV].[GetDetailsForLinkUnlinkCall]",
        "Timeout": "3600",
        "ConnectionStrings": "HHAMirror"
      }
    },
    "Caregiver.API.UnScheduledVisitLinkedCalls": {
      "Mappings": {
        "SPName": "[dbo].[GetUnscheduledVisitLinkedCalls]",
        "Timeout": "3600",
        "ConnectionStrings": "HHAMirror"
      }
    },
    "Caregiver.API.UpdateUnscheduledVisitToScheduledVisit": {
      "Mappings": {
        "SPName": "[Pathway].[UpdateUnscheduledVisitToScheduledVisit]",
        "Timeout": "3600",
        "ConnectionStrings": "Clinical"
      }
    },
    "Caregiver.API.UpdateInterruptDetails": {
      "Mappings": {
        "SPName": "[EVV].[UpdateInterruptDetails]",
        "Timeout": "3600",
        "ConnectionStrings": "IVRMain"
      }
    },
    "Caregiver.API.VisitScheduleDetailByVisitID": {
      "Mappings": {
        "SPName": "[Visit].[GetVisitScheduleDetailByVisitID]",
        "Timeout": "3600",
        "ConnectionStrings": "HHAMirror"
      }
    },
    "Caregiver.API.SaveVisitProcessLog": {
      "Mappings": {
        "SPName": "[Visit].[InsertProcessLog]",
        "Timeout": "3600",
        "ConnectionStrings": "Prebilling"
      }
    },
    "Caregiver.API.SaveVisitProcessLogDetails": {
      "Mappings": {
        "SPName": "[Visit].[InsertProcessLogDetail]",
        "Timeout": "3600",
        "ConnectionStrings": "Prebilling"
      }
    },
    "Caregiver.API.UnlinkCall": {
      "Mappings": {
        "SPName": "[dbo].[CAL_UnlinkCall]",
        "Timeout": "3600",
        "ConnectionStrings": "HHA"
      }
    },
    "Caregiver.API.UpdateScheduledVisitAfterUnlinkCall": {
      "Mappings": {
        "SPName": "[Pathway].[UpdateScheduledVisitAfterUnlinkCall]",
        "Timeout": "3600",
        "ConnectionStrings": "Clinical"
      }
    },
    "Caregiver.API.MoveCallsToCallMaintenanceUnconfirmedVisit": {
      "Mappings": {
        "SPName": "[Visit].[MoveCallsToCallMaintenanceForUnconfirmedVisit_ENT20100100]",
        "Timeout": "3600",
        "ConnectionStrings": "HHA"
      }
    },
    "Caregiver.API.ShowMatchingCallsDetail": {
      "Mappings": {
        "SPName": "[dbo].[CAL_GetMatchingCallsToLinkVisit]",
        "Timeout": "3600",
        "ConnectionStrings": "HHAMirror"
      }
    },
    "Caregiver.API.GetGlobalLinkableVisits": {
      "Mappings": {
        "SPName": "[Caregiver].[GetGlobalLinkableVisits]",
        "Timeout": "3600",
        "ConnectionStrings": "HHAMirror"
      }
    },
    "Caregiver.API.RejectCall": {
      "Mappings": {
        "SPName": "[dbo].[CAL_RejectCall_ENT20070100]",
        "Timeout": "3600",
        "ConnectionStrings": "HHA"
      }
    },
    "Caregiver.API.GetEditVisitReasons": {
      "Mappings": {
        "SPName": "[Visit].[GetPayerProviderMappedEditReasons]",
        "Timeout": "3600",
        "ConnectionStrings": "HHAMirror"
      }
    },
    "Caregiver.API.GetActionTakenReasonsByReasonID": {
      "Mappings": {
        "SPName": "[Visit].[GetPayerProviderMappedEditActionTakenByReasonId]",
        "Timeout": "3600",
        "ConnectionStrings": "HHAMirror"
      }
    },
    "Caregiver.API.SaveReasonNotesForLinkUnlinkCall": {
      "Mappings": {
        "SPName": "[Visit].[SaveReasonNotesForLinkUnlinkCall]",
        "Timeout": "3600",
        "ConnectionStrings": "HHA"
      }
    },
    "Caregiver.API.GetAllOffices": {
      "Mappings": {
        "SPName": "[Office].[GetOfficesByUser]",
        "Timeout": "3600",
        "ConnectionStrings": "HHA"
      }
    },
    "Caregiver.API.BroadcastHistory": {
      "Mappings": {
        "SPName": "[dbo].[BCAST_SearchBroadcast_24020100]",
        "Timeout": "3600",
        "ConnectionStrings": "Conexus"
      }
    },
    "Caregiver.API.BroadcastHistoryDetailByID": {
      "Mappings": {
        "SPName": "[dbo].[BCAST_BroadcastHistoryDetailByID_24020100]",
        "Timeout": "3600",
        "ConnectionStrings": "Conexus"
      }
    },
    "Caregiver.API.BroadcastHistoryCancelByID": {
      "Mappings": {
        "SPName": "[dbo].[BCAST_CancelBroadCast]",
        "Timeout": "3600",
        "ConnectionStrings": "Conexus"
      }
    },
    "Caregiver.API.GetKeywordByVendorId": {
      "Mappings": {
        "SPName": "[dbo].[GetAlternativeKeywordByENTAgency_21040100]",
        "Timeout": "3600",
        "ConnectionStrings": "HHAMirror"
      }
    },
    "Call.API.GetCallMaintenanceWithNoSchedule": {
      "Mappings": {
        "SPName": "[dbo].[CAL_GetCallMaintenanceWithNoSchedule]",
        "Timeout": "3600",
        "ConnectionStrings": "HHA"
      }
    },
    "Call.API.CreateSchedulesFromCallMaintenance": {
      "Mappings": {
        "SPName": "[dbo].[CAL_CreateSchedulesFromCallMaintenance]",
        "Timeout": "3600",
        "ConnectionStrings": "HHA"
      }
    },
    "Caregiver.API.RegisterMobileUser": {
      "Mappings": {
        "SPName": "[Caregiver].[RegisterMobileUser]",
        "Timeout": "3600",
        "ConnectionStrings": "HHA"
      }
    }
  }
}
