{
  "StoredProcedures": {
    "Opsworklist_GetOffice": {
      "Mappings": {
        "SPName": "[Office].[GetOffices]",
        "Timeout": "3600",
        "ConnectionString": "HHAMirrorReadConnectionString"
      }
    },
    "Opsworklist_GetOfficesByQVE": {
      "Mappings": {
        "SPName": "[Office].[GetOfficesByQVE]",
        "Timeout": "3600",
        "ConnectionString": "HHAMirrorReadConnectionString"
      }
    },
    "Opsworklist_CaregiverTeam": {
      "Mappings": {
        "SPName": "[Office].[GetCaregiverTeam]",
        "Timeout": "3600",
        "ConnectionString": "HHAMirrorReadConnectionString"
      }
    },
    "Opsworklist_GetLocation": {
      "Mappings": {
        "SPName": "[Office].[GetLocation]",
        "Timeout": "3600",
        "ConnectionString": "HHAMirrorReadConnectionString"
      }
    },
    "Opsworklist_GetBranchDetails": {
      "Mappings": {
        "SPName": "[Office].[GetBranchDetails]",
        "Timeout": "3600",
        "ConnectionString": "HHAMirrorReadConnectionString"
      }
    },
    "Opsworklist_GetCaregiverDisciplinesForOffice": {
      "Mappings": {
        "SPName": "[Aide].[GetDisciplines]",
        "Timeout": "3600",
        "ConnectionString": "HHAMirrorReadConnectionString"
      }
    },
    "Opsworklist_GetAideCodeByDisciplineID": {
      "Mappings": {
        "SPName": "[dbo].[GetAideCodeByDisciplineID]",
        "Timeout": "3600",
        "ConnectionString": "HHAMirrorReadConnectionString"
      }
    },

    "Opsworklist_GetAideIDs": {
      "Mappings": {
        "SPName": "[OpsWorklist].[GetAideIDs]",
        "Timeout": "3600",
        "ConnectionString": "HHAMirrorReadConnectionString"
      }
    },
    "Opsworklist_GetUsersByWorklistID": {
      "Mappings": {
        "SPName": "[OpsWorklist].[GetUsersByWorklistID]",
        "Timeout": "3600",
        "ConnectionString": "HHAMirrorReadConnectionString"
      }
    },
    "Opsworklist_GetVersionInfoByUserID": {
      "Mappings": {
        "SPName": "[ws].[GetVersionInfoByUserID]",
        "Timeout": "3600",
        "ConnectionString": "HHAMirrorReadConnectionString"
      }
    },
    "Opsworklist_GetUrlFromAppServers": {
      "Mappings": {
        "SPName": "[dbo].[GetUrlFromAppServers]",
        "Timeout": "3600",
        "ConnectionString": "HHAMirrorReadConnectionString"
      }
    },
    "Opsworklist_GetOpsWorklistInfoByUserID": {
      "Mappings": {
        "SPName": "[OpsWorklist].[GetOpsWorklistInfoByUserID]",
        "Timeout": "3600",
        "ConnectionString": "HHAMirrorReadConnectionString"
      }
    },
    "Opsworklist_GetReasons_subject": {
      "Mappings": {
        "SPName": "[Admin].[GetReasons]",
        "Timeout": "3600",
        "ConnectionString": "HHAMirrorReadConnectionString"
      }
    },
    "Opsworklist_GetAllOffices": {
      "Mappings": {
        "SPName": "[Office].[GetOfficesByUser]",
        "Timeout": "3600",
        "ConnectionString": "HHAMirrorReadConnectionString"
      }
    },
    "Opsworklist_GetPatientsByPhysicianID": {
      "Mappings": {
        "SPName": "[OpsWorklist].[GetPhysicianDetailsByVendor_21050100]",
        "Timeout": "3600",
        "ConnectionString": "HHAMirrorReadConnectionString"
      }
    },
    "Opsworklist_GetPatientsByNurseID": {
      "Mappings": {
        "SPName": "[OpsWorklist].[GetNursesDetailsByVendor_21050100]",
        "Timeout": "3600",
        "ConnectionString": "HHAMirrorReadConnectionString"
      }
    },
    "Opsworklist_AIDSaveNotes": {
      "Mappings": {
        "SPName": "[OpsWorklist].[SaveAideNotes]",
        "Timeout": "3600",
        "ConnectionString": "hha"
      }
    },
    "Opsworklist_API_GetMenusByUser": {
      "Mappings": {
        "SPName": "[HhaSecurity].[GetMenusByUser]",
        "Timeout": "3600",
        "ConnectionString": "HHAMirrorReadConnectionString"
      }
    },

    "Opsworklist_SavePatientNotes": {
      "Mappings": {
        "SPName": "[OpsWorklist].[SavePatientNotes_21050100]",
        "Timeout": "3600",
        "ConnectionString": "hha"
      }
    },
    "Opsworklist_GetContractDetailsByVendorID": {
      "Mappings": {
        "SPName": "[dbo].[COM_GetSource]",
        "Timeout": "3600",
        "ConnectionString": "HHAMirrorReadConnectionString"
      }
    },
    "Opsworklist_GetAllCoordinatorsByVendorID": {
      "Mappings": {
        "SPName": "[dbo].[COM_GetCoordinators]",
        "Timeout": "3600",
        "ConnectionString": "HHAMirrorReadConnectionString"
      }
    },
    "Opsworklist_API_GetNonConfiguredCaregiverDetails": {
      "Mappings": {
        "SPName": "[Caregiver].[GetNonConfiguredCaregiverDetails_ENT21040100]",
        "Timeout": "3600",
        "ConnectionString": "HHAMirrorReadConnectionString"
      }
    },
    "Opsworklist_API_UpdateBroadCastEmployee": {
      "Mappings": {
        "SPName": "BCAST_UpdateBroadCastEmployee",
        "Timeout": "3600",
        "ConnectionString": "ConexusConnectionString"
      }
    },
    "Opsworklist_API_SaveBroadCast": {
      "Mappings": {
        "SPName": "dbo.BCAST_SaveBroadCast",
        "Timeout": "3600",
        "ConnectionString": "ConexusConnectionString"
      }
    },
    "Opsworklist_API_UpdateBroadCast": {
      "Mappings": {
        "SPName": "BCAST_UpdateBroadCast",
        "Timeout": "3600",
        "ConnectionString": "ConexusConnectionString"
      }
    },
    "Opsworklist_API_SaveBroadCastAttachmentDetails": {
      "Mappings": {
        "SPName": "dbo.SaveBroadCastAttachmentDetails",
        "Timeout": "3600",
        "ConnectionString": "ConexusConnectionString"
      }
    },
    "Opsworklist_API_GetTemplateByID": {
      "Mappings": {
        "SPName": "dbo.TPL_GetTemplateById",
        "Timeout": "3600",
        "ConnectionString": "ConexusConnectionString"
      }
    },
    "Opsworklist_API_GetCaregiverNotificationdetails": {
      "Mappings": {
        "SPName": "Caregiver.GetCaregiverNotificationdetails",
        "Timeout": "3600",
        "ConnectionString": "HHAMirrorReadConnectionString"
      }
    },
    "Opsworklist_API_GetEmployeeIDs": {
      "Mappings": {
        "SPName": "dbo.GetEmployeeIDs",
        "Timeout": "3600",
        "ConnectionString": "ConexusConnectionString"
      }
    },
    "Opsworklist_API_GetConexusConnectionStringUser": {
      "Mappings": {
        "SPName": "dbo.ADM_LoginForMap",
        "Timeout": "3600",
        "ConnectionString": "ConexusConnectionString"
      }
    },
    "Opsworklist_API_GetVoiceBroadCastDetails": {
      "Mappings": {
        "SPName": "[dbo].[BCAST_GetVoiceBroadCastDetails]",
        "Timeout": "3600",
        "ConnectionString": "ConexusConnectionString"
      }
    },
    "Opsworklist_API_GetCommunicationScript": {
      "Mappings": {
        "SPName": "[dbo].[GetCommunicationScriptByTemplateType]",
        "Timeout": "3600",
        "ConnectionString": "ConexusConnectionString"
      }
    },
    "Opsworklist_GetPatientIDsByDisciplineIDs": {
      "Mappings": {
        "SPName": "[OpsWorklist].[GetPatientIDByDisciplineID]",
        "Timeout": "3600",
        "ConnectionString": "HHAMirrorReadConnectionString"
      }
    },

    "CheckClosingConditionMedicalAndOtherCompliance": {
      "Mappings": {
        "SPName": "OpsWorklist.CheckClosingConditionMedicalAndOtherCompliance",
        "Timeout": "3600",
        "ConnectionString": "HHAMirrorReadConnectionString"
      }
    },
    "CheckClosingConditionExpiringAuthorization": {
      "Mappings": {
        "SPName": "OpsWorklist.CheckClosingConditionExpiringAuthorization_21050100",
        "Timeout": "3600",
        "ConnectionString": "HHAMirrorReadConnectionString"
      }
    },
    "CheckClosingConditionUnstaffedVisits": {
      "Mappings": {
        "SPName": "OpsWorklist.CheckClosingConditionUnstaffedVisits",
        "Timeout": "3600",
        "ConnectionString": "HHAMirrorReadConnectionString"
      }
    },
    "CheckClosingConditionExpiringMasterWeek": {
      "Mappings": {
        "SPName": "OpsWorklist.CheckClosingConditionExpiringMasterWeek",
        "Timeout": "3600",
        "ConnectionString": "HHAMirrorReadConnectionString"
      }
    },
    "Opsworklist_GetPatientTeamList": {
      "Mappings": {
        "SPName": "[Office].[GetPatientTeamList]",
        "Timeout": "3600",
        "ConnectionString": "HHAMirrorReadConnectionString"
      }
    },
    "CheckClosingConditionExpiringCertificationPeriod": {
      "Mappings": {
        "SPName": "OpsWorklist.CheckClosingConditionExpiringCertificationPeriod",
        "Timeout": "3600",
        "ConnectionString": "HHAClinicalConnectionString"
      }
    },
    "Opsworklist_GetMasterWeekInfo": {
      "Mappings": {
        "SPName": "[Patient].[GetPatientMasterWeekInfoVendor]",
        "Timeout": "3600",
        "ConnectionString": "HHAMirrorReadConnectionString"
      }
    },
    "Opsworklist_GetUPRMasterWeekInfo": {
      "Mappings": {
        "SPName": "[Patient].[GetMasterWeekInfo]",
        "Timeout": "3600",
        "ConnectionString": "HHAMirrorReadConnectionString"
      }
    },
    "Opsworklist_GetCaregiverComplianceExpItem": {
      "Mappings": {
        "SPName": "[Office].[GetCaregiverComplianceExpItem]",
        "Timeout": "3600",
        "ConnectionString": "HHAMirrorReadConnectionString"
      }
    },
    "Opsworklist_API_GetUserInfoFromSessionID": {
      "Mappings": {
        "SPName": "HhaSecurity.GetUserInfoFromSessionID_ENT21060100",
        "Timeout": "3600",
        "ConnectionString": "hha"
      }
    },
    "Opsworklist_GetLanguages": {
      "Mappings": {
        "SPName": "[dbo].[COM_GetLanguages]",
        "Timeout": "3600",
        "ConnectionString": "HHAMirrorReadConnectionString"
      }
    },
    "Opsworklist_API_CheckAccess": {
      "Mappings": {
        "SPName": "[HhaSecurity].[CheckAccess]",
        "Timeout": "3600",
        "ConnectionString": "HHAMirrorReadConnectionString"
      }
    },
    "GetPatientIDsByDisciplineAndStatus": {
      "Mappings": {
        "SPName": "[OpsWorklist].[GetPatientIDsByDisciplineAndStatus]",
        "Timeout": "3600",
        "ConnectionString": "HHAMirrorReadConnectionString"
      }
    },
    "GetPatientIDsbyStatus": {
      "Mappings": {
        "SPName": "[OpsWorklist].[GetPatientIDsbyStatus]",
        "Timeout": "3600",
        "ConnectionString": "HHAMirrorReadConnectionString"
      }
    },
    "Opsworklist_API_GetNotifications": {
      "Mappings": {
        "SPName": "[NF].[GetUserNotificationsCountAll]",
        "Timeout": "3600",
        "ConnectionString": "HHARep2ConnectionString"
      }
    },
    "Opsworklist_API_CheckCaregiverChatAccess": {
      "Mappings": {
        "SPName": "[Caregiver].[CheckCaregiverChatAccess]",
        "Timeout": "3600",
        "ConnectionString": "HHAMirrorReadConnectionString"
      }
    }
  }
}
