{
  "TimeZoneMaster": [
    {
      "TimeZoneName": "EST",
      "TimeZoneStandardName": "Eastern Standard Time",
      "OffSetMinutes": 300.00,
      "DSTOffSetMinitues": 0
    },
    {
      "TimeZoneName": "CST",
      "TimeZoneStandardName": "Central Standard Time",
      "OffSetMinutes": 360.00,
      "DSTOffSetMinitues": 0
    },
    {
      "TimeZoneName": "MST",
      "TimeZoneStandardName": "Mountain Standard Time",
      "OffSetMinutes": 420.00,
      "DSTOffSetMinitues": -60
    },
    {
      "TimeZoneName": "PST",
      "TimeZoneStandardName": "Pacific Standard Time",
      "OffSetMinutes": 480.00,
      "DSTOffSetMinitues": 0
    },
    {
      "TimeZoneName": "AKST",
      "TimeZoneStandardName": "Alaskan Standard Time",
      "OffSetMinutes": 540.00,
      "DSTOffSetMinitues": 0
    },
    {
      "TimeZoneName": "HAST",
      "TimeZoneStandardName": "Hawaiian Standard Time",
      "OffSetMinutes": 600.00,
      "DSTOffSetMinitues": -60.00
    },
    {
      "TimeZoneName": "MDT",
      "TimeZoneStandardName": "Mountain Standard Time",
      "OffSetMinutes": 420.00,
      "DSTOffSetMinitues": 0
    }
  ]
}